"","2010","2011","2012","2013","2014","2015","2016","2017","2018","2019","2020","2021","2022","2023","2024","2025","age"
"8114391","0","0","0","0","0","0","0","0","0","0","0","0","0","0","N","0",1
"8114393","0","0","0","0","0","0","0","0","0","0","0","0","0","0","N","0",1
"8114394","0","0","0","0","0","0","0","0","0","0","0","0","0","0","N","0",1
"8114395","0","0","0","0","0","0","0","0","0","0","0","0","0","0","N","0",1
"8114396","0","0","0","0","0","0","0","0","0","0","0","0","0","0","N","0",1
"8114397","0","0","0","0","0","0","0","0","0","0","0","0","0","0","N","0",1
"8114409","0","0","0","0","0","0","0","0","0","0","0","0","0","N","0","0",1
"8114410","0","0","0","0","0","0","0","0","0","0","0","0","0","N","0","0",1
"8114411","0","0","0","0","0","0","0","0","0","0","0","0","0","N","0","0",1
"8114412","0","0","0","0","0","0","0","0","0","0","0","0","0","N","0","0",1
"8114413","0","0","0","0","0","0","0","0","0","0","0","0","0","N","0","0",1
"8114414","0","0","0","0","0","0","0","0","0","0","0","0","0","0","N","0",1
"8114416","0","0","0","0","0","0","0","0","0","0","0","0","0","0","N","0",1
"ABL510","N","E","E","N","N","N","B1","LB_","LB_","LB","0","0","0","0","0","0",1
"ABL519","N","E","E","E","E","N","0","0","0","0","0","0","0","0","0","0",1
"ABL522","N","E","E","N","0","0","0","0","0","0","0","0","0","0","0","0",1
"ABL575","N","E","N","0","0","0","0","0","0","0","0","0","0","0","0","0",1
"ABL580","N","E","E","E","N","0","0","0","0","0","0","0","0","0","0","0",1
"ABL681","N","E","E","E","N","N","0","0","0","0","0","0","0","0","0","0",1
"ABL695","N","E","E","E","N","0","0","0","0","0","0","0","0","0","0","0",1
"ABL713","N","E","E","E","N","N","B1","LB","LB","L_B","0","0","0","0","0","0",1
"ABL738","N","E","N","0","0","0","0","0","0","0","0","0","0","0","0","0",1
"ABL811","N","E","E","E","N","0","0","0","0","0","0","0","0","0","0","0",1
"ABL835","N","E","E","E","E","N","E","N","0","0","0","0","0","0","0","0",1
"ABL849","N","E","N","N","0","0","0","0","0","0","0","0","0","0","0","0",1
"ABL906","N","E","E","E","E","E","N","0","0","0","0","0","0","0","0","0",1
"ABL918","N","E","E","E","N","0","0","0","0","0","0","0","0","0","0","0",1
"ABL922","N","E","E","E","E","E","E","N","0","0","0","0","0","0","0","0",1
"ABL930","N","E","E","E","N","0","0","0","0","0","0","0","0","0","0","0",1
"ABL963","N","E","E","E","N","0","0","0","0","0","0","0","0","0","0","0",1
"ABN001","N","E","E","N","N","0","0","0","0","0","0","0","0","0","0","0",1
"ABN059","N","E","E","E","E","N","0","0","0","0","0","0","0","0","0","0",1
"ABN155","N","E","E","E","E","E","E","N","0","0","0","0","0","0","0","0",1
"ABN243","N","E","E","E","E","E","E","E","E","E","N","0","0","0","0","0",1
"ABN271","N","E","E","N","0","0","0","0","0","0","0","0","0","0","0","0",1
"ABN552","N","E","E","E","E","N","B1","L_B","0","0","0","0","0","0","0","0",1
"ABN555","N","E","E","E","N","0","0","0","0","0","0","0","0","0","0","0",1
"ABN643","N","E","E","E","N","0","0","0","0","0","0","0","0","0","0","0",1
"ABN680","N","E","E","N","0","0","0","0","0","0","0","0","0","0","0","0",1
"ABN696","N","E","E","E","N","0","0","0","0","0","0","0","0","0","0","0",1
"ABN708","N","E","E","E","N","N","0","0","0","0","0","0","0","0","0","0",1
"ABN792","N","E","E","E","N","0","0","0","0","0","0","0","0","0","0","0",1
"ABN812","N","E","E","E","N","N","0","0","0","0","0","0","0","0","0","0",1
"ABN820","N","E","E","N","B1","L_B_","LB","L_B","LB","LB","LB_","0","0","0","0","0",1
"ABN828","N","E","E","E","E","N","0","0","0","0","0","0","0","0","0","0",1
"ABN864","N","E","N","N","0","0","0","0","0","0","0","0","0","0","0","0",1
"ABP023","N","E","E","E","E","E","E","N","0","0","0","0","0","0","0","0",1
"ABP251","N","E","E","E","N","0","0","0","0","0","0","0","0","0","0","0",1
"ABP385","N","E","E","N","0","0","0","0","0","0","0","0","0","0","0","0",1
"ABP581","N","E","E","N","0","0","0","0","0","0","0","0","0","0","0","0",1
"ABP665","N","E","E","E","E","N","0","0","0","0","0","0","0","0","0","0",1
"ABP833","N","E","E","E","N","N","0","0","0","0","0","0","0","0","0","0",1
"ABP901","N","E","E","E","E","E","E","E","E","E","E","E","E","E","E","N",1
"ABP943","N","E","E","N","0","0","0","0","0","0","0","0","0","0","0","0",1
"ABR448","0","N","E","E","E","E","N","0","0","0","0","0","0","0","0","0",1
"ABR472","0","N","E","E","N","0","0","0","0","0","0","0","0","0","0","0",1
"ABR499","0","N","E","E","E","N","0","0","0","0","0","0","0","0","0","0",1
"ABR542","N","E","E","E","E","N","0","0","0","0","0","0","0","0","0","0",1
"ABR730","N","E","N","0","0","0","0","0","0","0","0","0","0","0","0","0",1
"ABR865","N","E","E","E","N","0","0","0","0","0","0","0","0","0","0","0",1
"ABR885","N","E","E","E","N","0","0","0","0","0","0","0","0","0","0","0",1
"ABR891","N","E","E","E","N","0","0","0","0","0","0","0","0","0","0","0",1
"ABR947","N","E","E","N","0","0","0","0","0","0","0","0","0","0","0","0",1
"ABR988","N","E","N","0","0","0","0","0","0","0","0","0","0","0","0","0",1
"ABS194","0","N","E","N","0","0","0","0","0","0","0","0","0","0","0","0",1
"ABS195","0","N","E","E","E","N","N","N","0","0","0","0","0","0","0","0",1
"ABS213","0","N","E","E","E","N","0","0","0","0","0","0","0","0","0","0",1
"ABS218","0","N","E","E","N","N","N","N","N","0","0","0","0","0","0","0",1
"ABS341","0","N","E","E","E","N","N","N","B1","LB","N","N","0","0","0","0",1
"ABS385","0","N","E","E","N","N","B1","L_B","LB","LB","LB","LB","S","LB","LB","0",1
"ABS431","0","N","E","E","E","E","N","E","E","E","E","N","0","0","0","0",1
"ABS488","0","N","E","E","N","0","0","0","0","0","0","0","0","0","0","0",1
"ABS569","0","N","E","E","E","N","B1","L_B","L_B_","LB","LB","LB_","LB","S","LB","LB",1
"ABS700","0","N","E","E","N","N","0","0","0","0","0","0","0","0","0","0",1
"ABS830","0","N","E","E","N","0","0","0","0","0","0","0","0","0","0","0",1
"ABS926","0","N","E","E","N","N","0","0","0","0","0","0","0","0","0","0",1
"ABT196","0","N","E","E","E","N","0","0","0","0","0","0","0","0","0","0",1
"ABT199","0","N","E","E","E","N","N","B1","LB","LB_","0","0","0","0","0","0",1
"ABT473","0","N","E","E","N","0","0","0","0","0","0","0","0","0","0","0",1
"ABT618","0","N","E","E","E","E","N","0","0","0","0","0","0","0","0","0",1
"ABT735","0","N","E","E","E","N","0","0","0","0","0","0","0","0","0","0",1
"ABT738","0","N","E","E","E","N","0","0","0","0","0","0","0","0","0","0",1
"ABT880","0","N","E","E","N","0","0","0","0","0","0","0","0","0","0","0",1
"ABV060","0","N","E","E","E","N","N","B1","LB","LB","S","L_B_","L_B_","L_B_","L_B","LB",1
"ABV360","0","N","E","E","N","B1","LB","LB_","L_B","LB","LB","LB","LB_","LB","LB","LB",1
"ABV496","0","N","E","E","N","0","0","0","0","0","0","0","0","0","0","0",1
"ABV552","0","N","E","E","E","N","0","0","0","0","0","0","0","0","0","0",1
"ABV560","0","N","E","E","N","0","0","0","0","0","0","0","0","0","0","0",1
"ABV592","0","0","0","N","E","N","0","0","0","0","0","0","0","0","0","0",1
"ABV643","0","N","E","E","N","N","B1","L_B","S","LB_","LB_","L_B","LB_","LB_","LB","LB",1
"ABV696","0","N","E","E","N","B1","LB","LB","LB","LB_","0","0","0","0","0","0",1
"ABV752","0","0","0","N","E","N","0","0","0","0","0","0","0","0","0","0",1
"ABV783","0","0","0","N","E","E","E","E","N","0","0","0","0","0","0","0",1
"ABV880","0","N","E","E","E","N","N","0","0","0","0","0","0","0","0","0",1
"ABZ292","0","0","N","E","E","N","0","0","0","0","0","0","0","0","0","0",1
"ABZ507","0","0","N","E","E","N","0","0","0","0","0","0","0","0","0","0",1
"ABZ510","0","0","N","E","N","0","0","0","0","0","0","0","0","0","0","0",1
"ABZ548","0","0","N","E","E","N","0","0","0","0","0","0","0","0","0","0",1
"ABZ599","0","0","N","E","N","0","0","0","0","0","0","0","0","0","0","0",1
"ABZ715","0","0","N","E","E","N","0","0","0","0","0","0","0","0","0","0",1
"ABZ816","0","0","N","E","E","E","E","N","0","0","0","0","0","0","0","0",1
"ABZ861","0","0","N","E","E","N","0","0","0","0","0","0","0","0","0","0",1
"ABZ916","0","0","N","E","E","N","0","0","0","0","0","0","0","0","0","0",1
"ABZ979","0","0","N","E","E","E","E","N","0","0","0","0","0","0","0","0",1
"ACA052","0","0","N","E","E","N","0","0","0","0","0","0","0","0","0","0",1
"ACA093","0","0","N","E","E","N","N","B1","LB","LB","LB","LB","L_B","L_B","LB","L_B_",1
"ACA130","0","0","N","E","E","N","0","0","0","0","0","0","0","0","0","0",1
"ACA156","0","0","N","E","E","E","N","0","0","0","0","0","0","0","0","0",1
"ACA385","0","0","N","E","E","E","E","E","E","E","E","E","B1","0","0","0",1
"ACA398","0","0","N","E","E","E","N","B1","LB","LB","0","0","0","0","0","0",1
"ACB003","0","0","N","E","N","0","0","0","0","0","0","0","0","0","0","0",1
"ACB062","0","0","N","E","E","N","0","0","0","0","0","0","0","0","0","0",1
"ACB081","0","0","N","E","E","E","N","0","0","0","0","0","0","0","0","0",1
"ACB084","0","0","N","E","E","N","0","0","0","0","0","0","0","0","0","0",1
"ACB099","0","0","N","E","E","E","E","E","N","E","E","E","E","E","E","N",1
"ACB128","0","0","N","E","E","E","E","E","E","N","0","0","0","0","0","0",1
"ACB258","0","0","N","E","E","E","E","N","0","0","0","0","0","0","0","0",1
"ACB314","0","0","N","E","E","E","E","E","E","E","E","E","E","E","E","N",1
"ACB398","0","0","N","E","E","N","B1","LB","LB","LB","LB","LB","L_B","LB","L_B","LB",1
"ACB448","0","0","N","E","N","0","0","0","0","0","0","0","0","0","0","0",1
"ACB486","0","0","N","E","E","E","E","N","0","0","0","0","0","0","0","0",1
"ACB516","0","0","N","E","E","N","0","0","0","0","0","0","0","0","0","0",1
"ACB655","0","0","N","E","E","E","N","0","0","0","0","0","0","0","0","0",1
"ACB703","0","0","0","N","E","E","N","0","0","0","0","0","0","0","0","0",1
"ACB755","0","0","0","N","E","E","N","N","N","N","B1","S","LB_","N","0","0",1
"ACB775","0","0","0","N","E","E","E","E","E","E","E","N","0","0","0","0",1
"ACB804","0","0","0","N","E","E","E","E","E","E","E","E","E","E","E","N",1
"ACB811","0","0","0","N","E","E","N","N","0","0","0","0","0","0","0","0",1
"ACB814","0","0","0","N","E","E","N","B1","L_B_","LB","S","S","L_B","LB","LB","LB_",1
"ACB873","0","0","N","E","E","N","0","0","0","0","0","0","0","0","0","0",1
"ACB911","0","0","N","E","E","E","E","N","0","0","0","0","0","0","0","0",1
"ACD169","0","0","0","N","E","E","N","0","0","0","0","0","0","0","0","0",1
"ACD194","0","0","0","N","E","E","E","N","0","0","0","0","0","0","0","0",1
"ACD196","0","0","0","N","E","E","N","N","N","0","0","0","0","0","0","0",1
"ACD237","0","0","0","N","E","N","N","N","B1","LB","LB","LB_","LB","L_B","L_B","LB",1
"ACD261","0","0","0","N","E","E","E","N","0","0","0","0","0","0","0","0",1
"ACD269","0","0","0","N","E","E","N","B1","L_B_","0","0","0","0","0","0","0",1
"ACD273","0","0","0","N","E","E","E","N","0","0","0","0","0","0","0","0",1
"ACD352","0","0","0","N","E","E","N","N","0","0","0","0","0","0","0","0",1
"ACD358","0","0","0","N","E","E","N","N","B1","L_B","L_B_","L_B","0","0","0","0",1
"ACD431","0","0","0","N","E","E","E","N","B1","L_B","S","L_B","0","0","0","0",1
"ACD441","0","0","0","N","E","N","E","N","B1","0","0","0","0","0","0","0",1
"ACD486","0","0","0","N","E","E","N","N","B1","LB","L_B_","L_B","0","0","0","0",1
"ACD595","0","0","0","N","E","N","0","0","0","0","0","0","0","0","0","0",1
"ACD602","0","0","0","N","E","E","N","0","0","0","0","0","0","0","0","0",1
"ACD635","0","0","0","N","E","N","0","0","0","0","0","0","0","0","0","0",1
"ACD644","0","0","0","N","E","N","0","0","0","0","0","0","0","0","0","0",1
"ACD697","0","0","0","N","E","E","N","N","N","N","B1","LB","LB","LB","LB","LB",1
"ACD710","0","0","0","N","E","E","N","B1","L_B","LB","S","LB_","L_B","LB","S","LB",1
"ACD832","0","0","0","N","E","E","N","B1","0","0","0","0","0","0","0","0",1
"ACD839","0","0","0","N","E","E","E","N","0","0","0","0","0","0","0","0",1
"ACD847","0","0","0","N","E","E","B1","LB","LB_","LB","0","0","0","0","0","0",1
"ACD877","0","0","0","N","E","N","0","0","0","0","0","0","0","0","0","0",1
"ACD911","0","0","0","N","E","E","N","0","0","0","0","0","0","0","0","0",1
"ACE121","0","0","0","N","E","E","E","N","0","0","0","0","0","0","0","0",1
"ACE139","0","0","0","N","E","E","E","N","0","0","0","0","0","0","0","0",1
"ACE168","0","0","0","N","E","E","E","N","0","0","0","0","0","0","0","0",1
"ACE258","0","0","0","N","E","E","E","B1","L_B","L_B","L_B_","LB","LB","LB","LB","LB",1
"ACE259","0","0","0","N","E","E","N","0","0","0","0","0","0","0","0","0",1
"ACE434","0","0","0","N","E","E","E","E","E","N","0","0","0","0","0","0",1
"ACE721","0","0","0","N","E","E","E","E","E","N","0","0","0","0","0","0",1
"ACE888","0","0","0","N","E","E","E","N","N","0","0","0","0","0","0","0",1
"ACE973","0","0","0","N","E","E","N","0","0","0","0","0","0","0","0","0",1
"ACE976","0","0","0","N","E","E","E","E","E","E","E","E","E","E","E","N",1
"ACF040","0","0","0","N","E","E","E","N","N","B1","L_B","LB","LB","LB","LB","LB",1
"ACF074","0","0","0","N","E","N","0","0","0","0","0","0","0","0","0","0",1
"ACF121","0","0","0","N","E","E","E","N","0","0","0","0","0","0","0","0",1
"ACF124","0","0","0","N","E","E","N","0","0","0","0","0","0","0","0","0",1
"ACF131","0","0","0","N","E","E","E","N","0","0","0","0","0","0","0","0",1
"ACF134","0","0","0","N","E","E","E","B1","L_B","LB","L_B","L_B_","N","0","0","0",1
"ACF154","0","0","0","N","E","E","E","E","E","E","N","0","0","0","0","0",1
"ACF157","0","0","0","N","E","E","E","N","0","0","0","0","0","0","0","0",1
"ACF452","0","0","0","0","N","E","E","E","E","N","0","0","0","0","0","0",1
"ACF462","0","0","0","0","N","E","E","N","0","0","0","0","0","0","0","0",1
"ACF552","0","0","0","N","E","E","E","E","E","E","B1","0","0","0","0","0",1
"ACF554","0","0","0","N","E","E","E","N","B1","LB","S","LB","L_B","LB","LB","LB",1
"ACF827","0","0","0","N","E","E","E","E","E","E","E","N","0","0","0","0",1
"ACF868","0","0","0","N","E","E","E","E","E","E","E","E","E","N","0","0",1
"ACF898","0","0","0","N","E","E","N","B1","LB","LB","L_B","LB","LB","LB","LB","LB",1
"ACF904","0","0","0","N","E","E","E","E","E","E","N","0","0","0","0","0",1
"ACF924","0","0","0","N","E","E","N","B1","LB","LB","LB","LB_","LB","L_B_","LB","LB",1
"ACF925","0","0","0","N","E","E","E","E","E","E","E","N","N","E","E","N",1
"ACF940","0","0","0","N","E","E","E","N","0","0","0","0","0","0","0","0",1
"ACF946","0","0","0","N","E","E","E","B1","0","0","0","0","0","0","0","0",1
"ACF951","0","0","0","N","E","N","0","0","0","0","0","0","0","0","0","0",1
"ACF954","0","0","0","N","E","N","N","0","0","0","0","0","0","0","0","0",1
"ACF973","0","0","0","N","E","E","N","B1","L_B","LB","LB_","0","0","0","0","0",1
"ACF976","0","0","0","N","E","N","N","B1","LB_","LB","LB","LB","LB","LB","L_B_","LB",1
"ACF982","0","0","0","N","E","N","0","0","0","0","0","0","0","0","0","0",1
"ACG009","0","0","0","0","N","E","E","E","N","0","0","0","0","0","0","0",1
"ACG041","0","0","0","0","N","E","E","N","N","0","0","0","0","0","0","0",1
"ACG051","0","0","0","0","N","E","E","E","E","E","E","E","E","E","E","N",1
"ACG077","0","0","0","0","N","E","E","N","0","0","0","0","0","0","0","0",1
"ACG099","0","0","0","0","N","E","E","N","B1","LB_","L_B","LB","LB","LB","LB","LB",1
"ACG121","0","0","0","0","N","E","E","N","N","0","0","0","0","0","0","0",1
"ACG128","0","0","0","0","N","E","E","N","N","N","N","B1","L_B_","L_B","0","0",1
"ACG717","0","0","0","0","N","E","E","N","0","0","0","0","0","0","0","0",1
"ACG755","0","0","0","0","N","E","E","E","N","0","0","0","0","0","0","0",1
"ACG793","0","0","0","0","N","E","E","N","0","0","0","0","0","0","0","0",1
"ACG795","0","0","0","0","N","E","N","0","0","0","0","0","0","0","0","0",1
"ACG853","0","0","0","0","N","E","N","0","0","0","0","0","0","0","0","0",1
"ACH054","0","0","0","0","N","E","E","N","B1","LB","LB","L_B_","LB","LB","LB","LB",1
"ACH077","0","0","0","0","N","E","E","E","B1","LB","LB","LB","L_B_","0","0","0",1
"ACH084","0","0","0","0","N","E","E","N","0","0","0","0","0","0","0","0",1
"ACH088","0","0","0","0","N","E","E","N","N","N","B1","S","LB","LB","LB","LB",1
"ACH174","0","0","0","0","N","E","N","N","N","B1","LB_","S","L_B","LB","0","0",1
"ACH220","0","0","0","0","N","E","E","N","0","0","0","0","0","0","0","0",1
"ACH253","0","0","0","0","N","E","E","N","B1","LB","L_B","LB","LB","LB","LB","LB",1
"ACH300","0","0","0","0","N","E","E","N","N","N","0","0","0","0","0","0",1
"ACH308","0","0","0","0","N","E","E","N","0","0","0","0","0","0","0","0",1
"ACH324","0","0","0","0","N","E","E","N","0","0","0","0","0","0","0","0",1
"ACH432","0","0","0","0","N","E","E","N","N","B1","LB_","LB_","0","0","0","0",1
"ACH444","0","0","0","0","N","E","E","N","0","0","0","0","0","0","0","0",1
"ACH452","0","0","0","0","N","E","E","N","E","E","N","N","0","0","0","0",1
"ACH511","0","0","0","0","N","E","E","E","N","0","0","0","0","0","0","0",1
"ACH678","0","0","0","0","N","E","E","E","E","E","E","N","0","0","0","0",1
"ACH686","0","0","0","0","N","E","E","N","0","0","0","0","0","0","0","0",1
"ACH895","0","0","0","0","N","E","E","N","0","0","0","0","0","0","0","0",1
"ACJ054","0","0","0","0","N","E","E","E","E","E","E","B1","0","0","0","0",1
"ACJ194","0","0","0","0","N","E","E","N","B1","S","L_B_","L_B","L_B","L_B","LB","LB",1
"ACJ197","0","0","0","0","N","E","E","E","E","E","N","0","0","0","0","0",1
"ACJ219","0","0","0","0","N","E","E","N","0","0","0","0","0","0","0","0",1
"ACJ418","0","0","0","0","N","E","E","N","0","0","0","0","0","0","0","0",1
"ACJ528","0","0","0","0","N","E","E","N","0","0","0","0","0","0","0","0",1
"ACJ565","0","0","0","0","N","E","E","N","0","0","0","0","0","0","0","0",1
"ACJ681","0","0","0","0","N","E","E","N","0","0","0","0","0","0","0","0",1
"ACJ683","0","0","0","0","N","E","E","E","N","0","0","0","0","0","0","0",1
"ACJ766","0","0","0","0","N","E","E","N","0","0","0","0","0","0","0","0",1
"ACJ788","0","0","0","0","N","E","E","N","0","0","0","0","0","0","0","0",1
"ACJ968","0","0","0","0","0","0","N","E","N","N","0","0","0","0","0","0",1
"ACJ969","0","0","0","0","0","0","N","E","E","N","N","B1","L_B_","LB","LB","LB",1
"ACJ971","0","0","0","0","0","0","N","E","E","N","N","0","0","0","0","0",1
"ACK528","0","0","0","0","0","N","E","E","N","0","0","0","0","0","0","0",1
"ACK697","0","0","0","0","0","N","E","N","0","0","0","0","0","0","0","0",1
"ACK815","0","0","0","0","0","N","E","E","N","0","0","0","0","0","0","0",1
"ACL027","0","0","0","0","0","N","E","N","0","0","0","0","0","0","0","0",1
"ACL105","0","0","0","0","0","N","E","E","N","0","0","0","0","0","0","0",1
"ACL144","0","0","0","0","0","N","E","E","E","N","0","0","0","0","0","0",1
"ACL210","0","0","0","0","0","N","E","N","N","B1","LB","LB","LB","LB","LB","L_B",1
"ACL251","0","0","0","0","0","N","E","E","E","N","0","0","0","0","0","0",1
"ACL310","0","0","0","0","0","N","E","N","0","0","0","0","0","0","0","0",1
"ACL373","0","0","0","0","0","N","E","N","0","0","0","0","0","0","0","0",1
"ACL426","0","0","0","0","0","N","E","E","E","N","0","0","0","0","0","0",1
"ACL503","0","0","0","0","0","N","E","E","N","N","B1","LB","LB","LB_","LB","LB",1
"ACL505","0","0","0","0","0","N","E","E","E","E","N","E","E","E","N","0",1
"ACL563","0","0","0","0","0","N","E","E","E","E","N","0","0","0","0","0",1
"ACL611","0","0","0","0","0","N","E","E","E","N","0","0","0","0","0","0",1
"ACL613","0","0","0","0","0","N","E","N","N","B1","0","0","0","0","0","0",1
"ACL623","0","0","0","0","0","N","E","E","N","N","B1","LB","LB","LB","LB","LB",1
"ACL681","0","0","0","0","0","N","E","E","N","B1","LB_","S","L_B","LB","L_B","LB_",1
"ACL710","0","0","0","0","0","N","E","E","E","E","N","0","0","0","0","0",1
"ACL780","0","0","0","0","0","N","E","E","N","B1","L_B_","L_B_","LB","LB","L_B","LB",1
"ACL852","0","0","0","0","0","N","E","N","N","N","B1","N","0","0","0","0",1
"ACL873","0","0","0","0","0","N","E","E","E","N","N","N","E","N","0","0",1
"ACL973","0","0","0","0","0","N","E","E","E","E","E","N","0","0","0","0",1
"ACN011","0","0","0","0","0","N","E","E","N","0","0","0","0","0","0","0",1
"ACN133","0","0","0","0","0","N","E","E","N","0","0","0","0","0","0","0",1
"ACN312","0","0","0","0","0","N","E","E","E","N","0","0","0","0","0","0",1
"ACN413","0","0","0","0","0","N","E","E","N","B1","L_B_","S","LB","LB","LB","LB",1
"ACN513","0","0","0","0","0","N","E","E","E","E","E","E","E","E","E","N",1
"ACN644","0","0","0","0","0","N","E","E","E","E","E","E","N","B1","0","0",1
"ACN664","0","0","0","0","0","N","E","E","E","E","E","E","N","0","0","0",1
"ACN718","0","0","0","0","0","N","E","E","N","0","0","0","0","0","0","0",1
"ACN762","0","0","0","0","0","N","E","E","E","N","N","0","0","0","0","0",1
"ACN767","0","0","0","0","0","N","E","E","N","N","N","B1","LB","0","0","0",1
"ACN793","0","0","0","0","0","N","E","E","N","B1","S","L_B_","L_B","LB","0","0",1
"ACN837","0","0","0","0","0","N","E","E","E","E","E","E","E","E","E","N",1
"ACN911","0","0","0","0","0","N","E","E","E","N","0","0","0","0","0","0",1
"ACP017","0","0","0","0","0","0","N","E","E","N","N","N","0","0","0","0",1
"ACP023","0","0","0","0","0","0","N","E","E","N","0","0","0","0","0","0",1
"ACP027","0","0","0","0","0","0","N","E","E","E","N","0","0","0","0","0",1
"ACP096","0","0","0","0","0","0","N","E","N","0","0","0","0","0","0","0",1
"ACP134","0","0","0","0","0","0","N","N","0","0","0","0","0","0","0","0",1
"ACP145","0","0","0","0","0","0","N","E","E","N","0","0","0","0","0","0",1
"ACP147","0","0","0","0","0","0","N","E","E","N","0","0","0","0","0","0",1
"ACP174","0","0","0","0","0","0","N","E","E","N","0","0","0","0","0","0",1
"ACP204","0","0","0","0","0","0","N","E","E","E","N","0","0","0","0","0",1
"ACP276","0","0","0","0","0","0","N","E","N","B1","LB","LB","LB","LB","LB","0",1
"ACP281","0","0","0","0","0","0","N","E","E","E","E","E","E","E","N","B1",1
"ACP294","0","0","0","0","0","0","N","E","N","B1","LB_","L_B","0","0","0","0",1
"ACP320","0","0","0","0","0","0","N","E","E","E","N","0","0","0","0","0",1
"ACP327","0","0","0","0","0","0","N","E","E","E","E","N","0","0","0","0",1
"ACP385","0","0","0","0","0","0","N","E","E","N","0","0","0","0","0","0",1
"ACP388","0","0","0","0","0","0","N","E","E","N","0","0","0","0","0","0",1
"ACP422","0","0","0","0","0","0","N","E","E","N","N","0","0","0","0","0",1
"ACP464","0","0","0","0","0","0","N","E","N","0","0","0","0","0","0","0",1
"ACP554","0","0","0","0","0","N","E","E","E","E","N","0","0","0","0","0",1
"ACP797","0","0","0","0","0","N","E","E","E","E","E","E","E","N","0","0",1
"ACP827","0","0","0","0","0","N","E","E","N","N","N","B1","0","0","0","0",1
"ACP830","0","0","0","0","0","N","E","E","E","E","E","N","0","0","0","0",1
"ACP976","0","0","0","0","0","0","N","E","E","E","E","B1","0","0","0","0",1
"ACR005","0","0","0","0","0","N","E","E","E","N","0","0","0","0","0","0",1
"ACR055","0","0","0","0","0","N","E","E","N","N","N","B1","N","0","0","0",1
"ACR056","0","0","0","0","0","N","E","N","0","0","0","0","0","0","0","0",1
"ACR134","0","0","0","0","0","N","E","N","0","0","0","0","0","0","0","0",1
"ACR281","0","0","0","0","0","N","E","N","0","0","0","0","0","0","0","0",1
"ACR954","0","0","0","0","0","N","N","0","0","0","0","0","0","0","0","0",1
"ACS335","0","0","0","0","0","N","E","E","E","N","0","0","0","0","0","0",1
"ACS343","0","0","0","0","0","N","E","N","0","0","0","0","0","0","0","0",1
"ACS452","0","0","0","0","0","N","E","E","N","N","B1","LB","LB","LB","LB","LB",1
"ACT601","0","0","0","0","0","0","0","N","E","E","N","N","N","N","B1","LB",1
"ACT627","0","0","0","0","0","0","0","N","E","N","0","0","0","0","0","0",1
"ACT637","0","0","0","0","0","0","0","N","E","E","E","N","0","0","0","0",1
"ACT662","0","0","0","0","0","0","0","N","E","E","N","0","0","0","0","0",1
"ACT663","0","0","0","0","0","0","0","N","0","0","0","0","0","0","0","0",1
"ACT664","0","0","0","0","0","0","0","N","E","E","N","N","B1","LB","L_B","LB",1
"ACT665","0","0","0","0","0","0","0","N","E","E","E","B1","S","L_B_","S","LB",1
"ACT666","0","0","0","0","0","0","0","N","0","0","0","0","0","0","0","0",1
"ACT667","0","0","0","0","0","0","0","N","0","0","0","0","0","0","0","0",1
"ACT668","0","0","0","0","0","0","0","N","E","E","N","0","0","0","0","0",1
"ACT669","0","0","0","0","0","0","0","N","0","0","0","0","0","0","0","0",1
"ACT670","0","0","0","0","0","0","0","N","E","N","N","B1","LB_","LB_","LB","LB",1
"ACT671","0","0","0","0","0","0","0","N","0","0","0","0","0","0","0","0",1
"ACT672","0","0","0","0","0","0","0","N","E","N","N","B1","LB_","LB","L_B","LB",1
"ACT673","0","0","0","0","0","0","0","N","E","N","N","B1","L_B","LB","0","0",1
"ACT674","0","0","0","0","0","0","0","N","E","E","N","0","0","0","0","0",1
"ACT675","0","0","0","0","0","0","0","N","0","0","0","0","0","0","0","0",1
"ACT676","0","0","0","0","0","0","0","N","E","E","N","B1","LB","L_B","LB","L_B",1
"ACT677","0","0","0","0","0","0","0","N","0","0","0","0","0","0","0","0",1
"ACT678","0","0","0","0","0","0","0","N","E","E","N","B1","LB","L_B","LB","LB_",1
"ACT679","0","0","0","0","0","0","0","N","0","0","0","0","0","0","0","0",1
"ACT680","0","0","0","0","0","0","0","N","E","E","N","0","0","0","0","0",1
"ACT760","0","0","0","0","0","0","0","N","E","N","0","0","0","0","0","0",1
"ACT773","0","0","0","0","0","0","0","N","E","E","E","N","0","0","0","0",1
"ACT778","0","0","0","0","0","0","0","N","E","E","N","N","N","0","0","0",1
"ACT779","0","0","0","0","0","0","0","N","E","N","E","E","E","N","N","B1",1
"ACT933","0","0","0","0","0","0","0","N","E","E","N","N","N","B1","L_B","LB",1
"ACT938","0","0","0","0","0","0","0","N","E","E","E","E","N","N","0","0",1
"ACT939","0","0","0","0","0","0","0","N","E","E","E","N","0","0","0","0",1
"ACT950","0","0","0","0","0","0","0","N","E","N","N","0","0","0","0","0",1
"ACV011","0","0","0","0","0","0","N","E","E","N","0","0","0","0","0","0",1
"ACV096","0","0","0","0","0","0","N","E","E","N","0","0","0","0","0","0",1
"ACV194","0","0","0","0","0","0","N","E","E","B1","0","0","0","0","0","0",1
"ACV595","0","0","0","0","0","0","N","E","E","E","B1","0","0","0","0","0",1
"ACV715","0","0","0","0","0","0","N","N","0","0","0","0","0","0","0","0",1
"ACV765","0","0","0","0","0","0","N","E","E","N","0","0","0","0","0","0",1
"ACX194","0","0","0","0","0","0","N","E","E","N","0","0","0","0","0","0",1
"ACX269","0","0","0","0","0","0","N","E","E","E","E","E","E","E","E","N",1
"ACX335","0","0","0","0","0","0","N","E","E","E","E","N","0","0","0","0",1
"ACX381","0","0","0","0","0","0","N","E","N","0","0","0","0","0","0","0",1
"ACX389","0","0","0","0","0","0","N","E","E","N","N","B1","LB","LB","LB","LB",1
"ACX394","0","0","0","0","0","0","N","E","E","N","0","0","0","0","0","0",1
"ACX479","0","0","0","0","0","0","N","E","E","N","N","N","B1","LB","L_B","LB",1
"ACX564","0","0","0","0","0","0","N","E","E","E","E","N","N","B1","LB","LB",1
"ACX572","0","0","0","0","0","0","N","E","E","E","E","E","N","0","0","0",1
"ACX589","0","0","0","0","0","0","N","E","E","E","E","E","N","E","E","N",1
"ACX653","0","0","0","0","0","0","N","E","E","N","N","0","0","0","0","0",1
"ACX786","0","0","0","0","0","0","N","E","E","E","E","B1","0","0","0","0",1
"ACX808","0","0","0","0","0","0","N","E","E","E","N","0","0","0","0","0",1
"ACX837","0","0","0","0","0","0","N","E","E","N","B1","LB","LB","LB","LB_","LB",1
"ACX881","0","0","0","0","0","0","N","E","N","N","N","B1","LB_","LB_","L_B","LB",1
"ACX882","0","0","0","0","0","0","N","E","N","N","B1","S","L_B","LB","LB","LB_",1
"ACX883","0","0","0","0","0","0","N","E","E","N","0","0","0","0","0","0",1
"ACX884","0","0","0","0","0","0","N","0","0","0","0","0","0","0","0","0",1
"ACX885","0","0","0","0","0","0","N","0","0","0","0","0","0","0","0","0",1
"ACX967","0","0","0","0","0","0","N","E","E","N","N","0","0","0","0","0",1
"ACX983","0","0","0","0","0","0","N","E","E","N","N","B1","S","LB","LB_","LB",1
"ACZ064","0","0","0","0","0","0","N","E","E","E","N","B1","LB_","LB_","0","0",1
"ACZ164","0","0","0","0","0","0","N","E","E","E","E","N","0","0","0","0",1
"ACZ465","0","0","0","0","0","0","N","E","E","N","0","0","0","0","0","0",1
"ACZ670","0","0","0","0","0","0","0","N","E","E","E","N","0","0","0","0",1
"ACZ690","0","0","0","0","0","0","0","N","E","E","E","N","0","0","0","0",1
"ACZ954","0","0","0","0","0","0","0","N","E","E","N","0","0","0","0","0",1
"ADA040","0","0","0","0","0","0","N","E","E","N","B1","0","0","0","0","0",1
"ADA050","0","0","0","0","0","0","N","E","N","N","N","0","0","0","0","0",1
"ADA100","0","0","0","0","0","0","N","E","E","E","N","B1","L_B_","0","0","0",1
"ADA337","0","0","0","0","0","0","N","E","N","B1","LB_","LB","LB_","LB","LB","LB",1
"ADA343","0","0","0","0","0","0","N","E","E","E","E","B1","0","0","0","0",1
"ADA368","0","0","0","0","0","0","0","N","E","E","E","E","E","E","E","N",1
"ADA508","0","0","0","0","0","0","0","0","N","E","E","E","N","0","0","0",1
"ADA513","0","0","0","0","0","0","0","0","N","E","E","E","N","N","B1","L_B",1
"ADA758","0","0","0","0","0","0","0","0","N","E","E","E","N","0","0","0",1
"ADA843","0","0","0","0","0","0","0","0","N","E","E","E","E","N","0","0",1
"ADA868","0","0","0","0","0","0","0","0","N","E","E","E","N","B1","N","N",1
"ADA871","0","0","0","0","0","0","0","0","N","E","E","N","0","0","0","0",1
"ADA915","0","0","0","0","0","0","0","0","N","E","E","N","0","0","0","0",1
"ADA973","0","0","0","0","0","0","0","0","0","N","E","E","N","B1","S","L_B_",1
"ADA980","0","0","0","0","0","0","0","0","0","N","E","E","N","N","0","0",1
"ADA984","0","0","0","0","0","0","0","0","0","N","E","E","N","E","E","N",1
"ADB087","0","0","0","0","0","0","N","E","E","E","N","0","0","0","0","0",1
"ADB160","0","0","0","0","0","0","N","E","N","N","N","0","0","0","0","0",1
"ADB286","0","0","0","0","0","0","N","E","E","E","E","E","N","0","0","0",1
"ADB418","0","0","0","0","0","0","N","E","E","E","E","N","0","0","0","0",1
"ADB750","0","0","0","0","0","0","N","E","E","N","0","0","0","0","0","0",1
"ADB751","0","0","0","0","0","0","N","N","0","0","0","0","0","0","0","0",1
"ADB941","0","0","0","0","0","0","N","E","E","N","0","0","0","0","0","0",1
"ADB996","0","0","0","0","0","0","0","N","E","E","N","B1","LB","LB","LB_","LB",1
"ADB999","0","0","0","0","0","0","0","N","0","0","0","0","0","0","0","0",1
"ADC339","0","0","0","0","0","0","0","N","E","N","0","0","0","0","0","0",1
"ADC458","0","0","0","0","0","0","0","N","E","E","N","0","0","0","0","0",1
"ADD609","0","0","0","0","0","0","0","0","N","E","E","N","B1","LB","LB","LB",1
"ADE000","0","0","0","0","0","0","0","0","0","N","E","E","E","N","0","0",1
"ADE001","0","0","0","0","0","0","0","0","0","N","E","N","N","B1","LB_","N",1
"ADE002","0","0","0","0","0","0","0","0","0","N","E","N","N","B1","LB_","0",1
"ADE003","0","0","0","0","0","0","0","0","0","N","0","0","0","0","0","0",1
"ADE004","0","0","0","0","0","0","0","0","0","N","0","0","0","0","0","0",1
"ADE005","0","0","0","0","0","0","0","0","0","N","E","E","N","N","N","B1",1
"ADE006","0","0","0","0","0","0","0","0","0","N","E","E","N","N","B1","N",1
"ADE007","0","0","0","0","0","0","0","0","0","N","0","0","0","0","0","0",1
"ADE008","0","0","0","0","0","0","0","0","0","N","E","E","N","N","N","B1",1
"ADE009","0","0","0","0","0","0","0","0","0","N","E","E","N","B1","L_B_","LB",1
"ADE010","0","0","0","0","0","0","0","0","0","N","0","0","0","0","0","0",1
"ADE011","0","0","0","0","0","0","0","0","0","N","E","E","N","N","N","N",1
"ADE012","0","0","0","0","0","0","0","0","0","N","E","E","N","B1","S","LB",1
"ADE013","0","0","0","0","0","0","0","0","0","N","0","0","0","0","0","0",1
"ADE014","0","0","0","0","0","0","0","0","0","N","E","E","N","N","N","N",1
"ADE015","0","0","0","0","0","0","0","0","0","N","0","0","0","0","0","0",1
"ADE016","0","0","0","0","0","0","0","0","0","N","E","E","N","B1","LB","LB",1
"ADE017","0","0","0","0","0","0","0","0","0","N","0","0","0","0","0","0",1
"ADE018","0","0","0","0","0","0","0","0","0","N","E","E","N","N","N","B1",1
"ADE019","0","0","0","0","0","0","0","0","0","N","E","E","N","N","B1","L_B",1
"ADE020","0","0","0","0","0","0","0","0","0","N","E","E","N","N","B1","LB_",1
"ADE021","0","0","0","0","0","0","0","0","0","N","0","0","0","0","0","0",1
"ADE022","0","0","0","0","0","0","0","0","0","N","0","0","0","0","0","0",1
"ADE023","0","0","0","0","0","0","0","0","0","N","0","0","0","0","0","0",1
"ADE024","0","0","0","0","0","0","0","0","0","N","0","0","0","0","0","0",1
"ADE025","0","0","0","0","0","0","0","0","0","N","0","0","0","0","0","0",1
"ADE026","0","0","0","0","0","0","0","0","0","N","0","0","0","0","0","0",1
"ADE027","0","0","0","0","0","0","0","0","0","N","E","E","N","B1","LB","LB",1
"ADE028","0","0","0","0","0","0","0","0","0","N","E","E","N","N","B1","LB_",1
"ADE029","0","0","0","0","0","0","0","0","0","N","E","E","N","N","0","0",1
"ADE030","0","0","0","0","0","0","0","0","0","N","E","N","N","B1","LB_","N",1
"ADE031","0","0","0","0","0","0","0","0","0","N","E","E","B1","0","0","0",1
"ADE032","0","0","0","0","0","0","0","0","0","N","0","0","0","0","0","0",1
"ADE033","0","0","0","0","0","0","0","0","0","N","E","E","N","B1","S","L_B",1
"ADE034","0","0","0","0","0","0","0","0","0","N","E","E","N","0","0","0",1
"ADE035","0","0","0","0","0","0","0","0","0","N","0","0","0","0","0","0",1
"ADE036","0","0","0","0","0","0","0","0","0","N","E","E","N","N","N","B1",1
"ADE037","0","0","0","0","0","0","0","0","0","N","E","N","N","N","B1","LB",1
"ADE038","0","0","0","0","0","0","0","0","0","N","E","E","N","B1","LB","LB",1
"ADE039","0","0","0","0","0","0","0","0","0","N","E","E","E","N","N","B1",1
"ADE040","0","0","0","0","0","0","0","0","0","N","0","0","0","0","0","0",1
"ADE041","0","0","0","0","0","0","0","0","0","N","0","0","0","0","0","0",1
"ADE042","0","0","0","0","0","0","0","0","0","N","E","E","N","B1","0","0",1
"ADE043","0","0","0","0","0","0","0","0","0","N","N","N","N","N","N","B1",1
"ADE044","0","0","0","0","0","0","0","0","0","N","E","N","N","0","0","0",1
"ADE045","0","0","0","0","0","0","0","0","0","N","0","0","0","0","0","0",1
"ADE046","0","0","0","0","0","0","0","0","0","N","E","E","N","0","0","0",1
"ADE047","0","0","0","0","0","0","0","0","0","N","0","0","0","0","0","0",1
"ADE049","0","0","0","0","0","0","0","0","0","0","0","N","0","0","0","0",1
"ADE050","0","0","0","0","0","0","0","0","0","0","0","N","0","0","0","0",1
"ADE051","0","0","0","0","0","0","0","0","0","0","0","N","0","0","0","0",1
"ADE052","0","0","0","0","0","0","0","0","0","0","0","N","E","N","0","0",1
"ADE053","0","0","0","0","0","0","0","0","0","0","0","N","E","E","N","N",1
"ADE054","0","0","0","0","0","0","0","0","0","0","0","N","0","0","0","0",1
"ADE055","0","0","0","0","0","0","0","0","0","0","0","N","0","0","0","0",1
"ADE056","0","0","0","0","0","0","0","0","0","0","0","N","E","N","0","0",1
"ADE057","0","0","0","0","0","0","0","0","0","0","0","N","E","N","N","0",1
"ADE058","0","0","0","0","0","0","0","0","0","0","0","N","E","E","N","N",1
"ADE059","0","0","0","0","0","0","0","0","0","0","0","N","E","E","N","N",1
"ADE060","0","0","0","0","0","0","0","0","0","0","0","N","0","0","0","0",1
"ADE061","0","0","0","0","0","0","0","0","0","0","0","N","0","0","0","0",1
"ADE062","0","0","0","0","0","0","0","0","0","0","0","N","0","0","0","0",1
"ADE063","0","0","0","0","0","0","0","0","0","0","0","N","E","E","E","B1",1
"ADE064","0","0","0","0","0","0","0","0","0","0","0","N","E","N","0","0",1
"ADE065","0","0","0","0","0","0","0","0","0","0","0","N","0","0","0","0",1
"ADE066","0","0","0","0","0","0","0","0","0","0","0","N","E","N","N","B1",1
"ADE067","0","0","0","0","0","0","0","0","0","0","0","N","0","0","0","0",1
"ADE068","0","0","0","0","0","0","0","0","0","0","0","N","0","0","0","0",1
"ADE069","0","0","0","0","0","0","0","0","0","0","0","N","E","E","E","N",1
"ADE070","0","0","0","0","0","0","0","0","0","0","0","N","0","0","0","0",1
"ADE071","0","0","0","0","0","0","0","0","0","0","0","N","E","E","N","B1",1
"ADE072","0","0","0","0","0","0","0","0","0","0","0","N","0","0","0","0",1
"ADE074","0","0","0","0","0","0","0","0","0","0","0","N","0","0","0","0",1
"ADE075","0","0","0","0","0","0","0","0","0","0","0","N","0","0","0","0",1
"ADE076","0","0","0","0","0","0","0","0","0","0","0","N","0","0","0","0",1
"ADE077","0","0","0","0","0","0","0","0","0","0","0","N","0","0","0","0",1
"ADE078","0","0","0","0","0","0","0","0","0","0","0","N","0","0","0","0",1
"ADE079","0","0","0","0","0","0","0","0","0","0","0","N","0","0","0","0",1
"ADE080","0","0","0","0","0","0","0","0","0","0","0","N","0","0","0","0",1
"ADE081","0","0","0","0","0","0","0","0","0","0","0","N","0","0","0","0",1
"ADE691","0","0","0","0","0","0","0","0","N","E","N","E","E","E","E","N",1
"ADE692","0","0","0","0","0","0","0","0","N","E","N","E","N","N","N","N",1
"ADE930","0","0","0","0","0","0","0","0","N","E","N","0","0","0","0","0",1
"ADE985","0","0","0","0","0","0","0","0","N","E","N","0","0","0","0","0",1
"ADE986","0","0","0","0","0","0","0","0","N","E","E","E","B1","0","0","0",1
"ADE987","0","0","0","0","0","0","0","0","N","E","N","0","0","0","0","0",1
"ADE997","0","0","0","0","0","0","0","0","N","E","N","0","0","0","0","0",1
"ADG020","0","0","0","0","0","0","0","N","E","E","N","0","0","0","0","0",1
"ADG081","0","0","0","0","0","0","0","N","E","N","0","0","0","0","0","0",1
"ADG092","0","0","0","0","0","0","0","N","E","E","N","0","0","0","0","0",1
"ADG223","0","0","0","0","0","0","0","N","E","E","E","E","E","B1","0","0",1
"ADG411","0","0","0","0","0","0","0","0","N","E","N","N","B1","LB_","LB","L_B_",1
"ADG418","0","0","0","0","0","0","0","N","0","0","0","0","0","0","0","0",1
"ADG430","0","0","0","0","0","0","0","0","N","0","0","0","0","0","0","0",1
"ADG432","0","0","0","0","0","0","0","0","N","E","N","N","B1","LB","LB","LB_",1
"ADG434","0","0","0","0","0","0","0","0","N","E","E","N","0","0","0","0",1
"ADG435","0","0","0","0","0","0","0","0","N","0","0","0","0","0","0","0",1
"ADG436","0","0","0","0","0","0","0","0","N","0","0","0","0","0","0","0",1
"ADG437","0","0","0","0","0","0","0","0","N","E","E","N","0","0","0","0",1
"ADG438","0","0","0","0","0","0","0","0","N","E","E","N","B1","LB_","S","LB_",1
"ADG439","0","0","0","0","0","0","0","0","N","E","E","B1","S","L_B","N","N",1
"ADG440","0","0","0","0","0","0","0","0","N","0","0","0","0","0","0","0",1
"ADG441","0","0","0","0","0","0","0","0","N","E","E","N","N","N","0","0",1
"ADG442","0","0","0","0","0","0","0","0","N","E","E","E","N","N","B1","L_B",1
"ADG443","0","0","0","0","0","0","0","0","N","E","E","N","0","0","0","0",1
"ADG444","0","0","0","0","0","0","0","0","N","E","E","N","N","0","0","0",1
"ADG445","0","0","0","0","0","0","0","0","N","E","E","N","N","B1","LB","L_B_",1
"ADG446","0","0","0","0","0","0","0","0","N","E","E","N","N","0","0","0",1
"ADG447","0","0","0","0","0","0","0","0","N","E","E","E","N","N","N","N",1
"ADG448","0","0","0","0","0","0","0","0","N","0","0","0","0","0","0","0",1
"ADG449","0","0","0","0","0","0","0","0","N","0","0","0","0","0","0","0",1
"ADG470","0","0","0","0","0","0","0","0","N","E","E","N","N","0","0","0",1
"ADG479","0","0","0","0","0","0","0","0","N","E","E","E","N","0","0","0",1
"ADG513","0","0","0","0","0","0","0","N","E","E","E","N","0","0","0","0",1
"ADG559","0","0","0","0","0","0","0","N","E","E","E","N","0","0","0","0",1
"ADG579","0","0","0","0","0","0","0","N","E","E","N","B1","L_B_","L_B","L_B_","LB",1
"ADG582","0","0","0","0","0","0","0","N","0","0","0","0","0","0","0","0",1
"ADG583","0","0","0","0","0","0","0","N","E","E","E","E","N","B1","0","0",1
"ADG584","0","0","0","0","0","0","0","0","N","E","E","E","E","E","E","N",1
"ADG585","0","0","0","0","0","0","0","0","N","E","E","E","B1","LB","LB","LB_",1
"ADG586","0","0","0","0","0","0","0","0","N","0","0","0","0","0","0","0",1
"ADG587","0","0","0","0","0","0","0","0","N","0","0","0","0","0","0","0",1
"ADG588","0","0","0","0","0","0","0","0","N","0","0","0","0","0","0","0",1
"ADG589","0","0","0","0","0","0","0","0","N","E","E","N","N","0","0","0",1
"ADG590","0","0","0","0","0","0","0","0","N","0","0","0","0","0","0","0",1
"ADG591","0","0","0","0","0","0","0","0","N","0","0","0","0","0","0","0",1
"ADG592","0","0","0","0","0","0","0","0","N","0","0","0","0","0","0","0",1
"ADG593","0","0","0","0","0","0","0","0","N","E","E","E","E","E","E","N",1
"ADG598","0","0","0","0","0","0","0","0","N","0","0","0","0","0","0","0",1
"ADG599","0","0","0","0","0","0","0","0","N","E","N","N","N","B1","LB","LB",1
"ADG600","0","0","0","0","0","0","0","0","N","E","E","E","N","0","0","0",1
"ADG602","0","0","0","0","0","0","0","0","N","E","E","N","0","0","0","0",1
"ADG613","0","0","0","0","0","0","0","0","N","E","E","N","0","0","0","0",1
"ADG644","0","0","0","0","0","0","0","0","N","E","N","0","0","0","0","0",1
"ADG646","0","0","0","0","0","0","0","0","N","E","E","E","N","B1","LB_","L_B",1
"ADG659","0","0","0","0","0","0","0","0","N","E","N","0","0","0","0","0",1
"ADG736","0","0","0","0","0","0","0","0","N","E","E","N","E","E","B1","LB",1
"ADG750","0","0","0","0","0","0","0","0","N","E","E","E","N","0","0","0",1
"ADG769","0","0","0","0","0","0","0","0","N","E","N","0","0","0","0","0",1
"ADG906","0","0","0","0","0","0","0","0","N","E","E","N","0","0","0","0",1
"ADK081","0","0","0","0","0","0","0","0","N","E","N","0","0","0","0","0",1
"ADK082","0","0","0","0","0","0","0","0","N","0","0","0","0","0","0","0",1
"ADK091","0","0","0","0","0","0","0","0","0","0","0","N","E","E","N","N",1
"ADK313","0","0","0","0","0","0","0","0","0","N","E","E","N","0","0","0",1
"ADK357","0","0","0","0","0","0","0","0","0","N","E","E","N","0","0","0",1
"ADK382","0","0","0","0","0","0","0","0","0","N","E","E","N","N","0","0",1
"ADK415","0","0","0","0","0","0","0","0","0","N","E","E","N","0","0","0",1
"ADK585","0","0","0","0","0","0","0","0","N","E","E","E","N","N","B1","LB",1
"ADL409","0","0","0","0","0","0","0","0","0","0","0","N","E","E","E","N",1
"ADL415","0","0","0","0","0","0","0","0","0","0","0","N","E","N","0","0",1
"ADL483","0","0","0","0","0","0","0","0","0","0","0","N","E","N","0","0",1
"ADN043","0","0","0","0","0","0","0","0","0","N","E","E","E","N","0","0",1
"ADN044","0","0","0","0","0","0","0","0","0","N","E","E","N","N","0","0",1
"ADN159","0","0","0","0","0","0","0","0","0","N","E","E","N","0","0","0",1
"ADN181","0","0","0","0","0","0","0","0","0","N","E","E","N","B1","0","0",1
"ADN202","0","0","0","0","0","0","0","0","0","N","E","E","N","0","0","0",1
"ADN254","0","0","0","0","0","0","0","0","0","N","E","E","N","B1","L_B_","LB",1
"ADN301","0","0","0","0","0","0","0","0","0","N","E","E","N","N","0","0",1
"ADN328","0","0","0","0","0","0","0","0","0","N","E","E","N","0","0","0",1
"ADN365","0","0","0","0","0","0","0","0","0","N","E","E","E","N","0","0",1
"ADN414","0","0","0","0","0","0","0","0","0","N","E","E","E","N","0","0",1
"ADN439","0","0","0","0","0","0","0","0","0","N","E","E","N","0","0","0",1
"ADN453","0","0","0","0","0","0","0","0","0","N","E","E","E","N","0","0",1
"ADN481","0","0","0","0","0","0","0","0","0","N","E","E","N","N","0","0",1
"ADN495","0","0","0","0","0","0","0","0","0","N","E","E","E","E","E","N",1
"ADN513","0","0","0","0","0","0","0","0","0","N","E","E","N","0","0","0",1
"ADN560","0","0","0","0","0","0","0","0","0","N","E","E","N","0","0","0",1
"ADN609","0","0","0","0","0","0","0","0","0","N","E","E","N","0","0","0",1
"ADN709","0","0","0","0","0","0","0","0","0","N","E","E","N","N","0","0",1
"ADN741","0","0","0","0","0","0","0","0","0","N","E","E","N","0","0","0",1
"ADN757","0","0","0","0","0","0","0","0","0","N","E","E","N","0","0","0",1
"ADN762","0","0","0","0","0","0","0","0","0","0","N","0","0","0","0","0",1
"ADN763","0","0","0","0","0","0","0","0","0","0","N","E","N","N","N","N",1
"ADN764","0","0","0","0","0","0","0","0","0","0","N","E","E","B1","L_B_","0",1
"ADN765","0","0","0","0","0","0","0","0","0","0","N","E","E","N","N","B1",1
"ADN766","0","0","0","0","0","0","0","0","0","0","N","E","N","0","0","0",1
"ADN767","0","0","0","0","0","0","0","0","0","0","N","0","0","0","0","0",1
"ADN768","0","0","0","0","0","0","0","0","0","0","N","0","0","0","0","0",1
"ADN769","0","0","0","0","0","0","0","0","0","0","N","0","0","0","0","0",1
"ADN770","0","0","0","0","0","0","0","0","0","0","N","E","N","B1","0","0",1
"ADN771","0","0","0","0","0","0","0","0","0","0","N","0","0","0","0","0",1
"ADN772","0","0","0","0","0","0","0","0","0","0","N","E","E","N","0","0",1
"ADN773","0","0","0","0","0","0","0","0","0","0","N","0","0","0","0","0",1
"ADN774","0","0","0","0","0","0","0","0","0","0","N","E","E","N","B1","LB",1
"ADN775","0","0","0","0","0","0","0","0","0","0","N","0","0","0","0","0",1
"ADN776","0","0","0","0","0","0","0","0","0","0","N","E","E","N","B1","LB",1
"ADN777","0","0","0","0","0","0","0","0","0","0","N","0","0","0","0","0",1
"ADN778","0","0","0","0","0","0","0","0","0","0","N","E","E","E","N","N",1
"ADN779","0","0","0","0","0","0","0","0","0","0","N","0","0","0","0","0",1
"ADN780","0","0","0","0","0","0","0","0","0","0","N","0","0","0","0","0",1
"ADN781","0","0","0","0","0","0","0","0","0","0","N","E","E","N","0","0",1
"ADN782","0","0","0","0","0","0","0","0","0","0","N","0","0","0","0","0",1
"ADN783","0","0","0","0","0","0","0","0","0","0","N","E","E","N","N","N",1
"ADN784","0","0","0","0","0","0","0","0","0","0","N","E","E","N","0","0",1
"ADN785","0","0","0","0","0","0","0","0","0","0","N","E","E","N","0","0",1
"ADN786","0","0","0","0","0","0","0","0","0","0","N","0","0","0","0","0",1
"ADN787","0","0","0","0","0","0","0","0","0","0","N","E","E","N","B1","LB",1
"ADN788","0","0","0","0","0","0","0","0","0","0","N","0","0","0","0","0",1
"ADN789","0","0","0","0","0","0","0","0","0","0","N","E","N","B1","S","L_B",1
"ADN790","0","0","0","0","0","0","0","0","0","0","N","E","N","0","0","0",1
"ADN791","0","0","0","0","0","0","0","0","0","0","N","E","E","N","0","0",1
"ADN792","0","0","0","0","0","0","0","0","0","0","N","E","N","N","B1","L_B",1
"ADN793","0","0","0","0","0","0","0","0","0","0","N","0","0","0","0","0",1
"ADN794","0","0","0","0","0","0","0","0","0","0","N","E","E","N","B1","0",1
"ADN795","0","0","0","0","0","0","0","0","0","0","N","0","0","0","0","0",1
"ADN796","0","0","0","0","0","0","0","0","0","0","N","0","0","0","0","0",1
"ADN797","0","0","0","0","0","0","0","0","0","0","N","E","N","N","0","0",1
"ADN799","0","0","0","0","0","0","0","0","0","0","N","0","0","0","0","0",1
"ADN806","0","0","0","0","0","0","0","0","0","0","N","E","E","N","0","0",1
"ADN823","0","0","0","0","0","0","0","0","0","0","N","E","E","E","N","B1",1
"ADN832","0","0","0","0","0","0","0","0","0","0","N","E","E","N","0","0",1
"ADN868","0","0","0","0","0","0","0","0","0","0","N","E","E","E","N","0",1
"ADN881","0","0","0","0","0","0","0","0","0","0","N","E","N","0","0","0",1
"ADN899","0","0","0","0","0","0","0","0","0","0","N","E","N","N","B1","LB",1
"ADN907","0","0","0","0","0","0","0","0","0","0","N","E","N","N","B1","LB",1
"ADN908","0","0","0","0","0","0","0","0","0","0","N","E","E","E","N","B1",1
"ADN988","0","0","0","0","0","0","0","0","0","0","N","E","E","N","0","0",1
"ADP057","0","0","0","0","0","0","0","0","0","0","N","E","E","E","E","N",1
"ADP097","0","0","0","0","0","0","0","0","0","0","N","E","E","N","0","0",1
"ADP126","0","0","0","0","0","0","0","0","0","0","N","E","N","N","B1","N",1
"ADP170","0","0","0","0","0","0","0","0","0","0","N","E","E","N","N","B1",1
"ADP267","0","0","0","0","0","0","0","0","0","0","N","E","E","E","E","N",1
"ADP272","0","0","0","0","0","0","0","0","0","0","N","E","E","E","N","N",1
"ADP469","0","0","0","0","0","0","0","0","0","0","N","E","E","E","E","B1",1
"ADP488","0","0","0","0","0","0","0","0","0","0","N","E","E","N","B1","L_B",1
"ADP500","0","0","0","0","0","0","0","0","0","0","N","E","E","N","0","0",1
"ADP574","0","0","0","0","0","0","0","0","0","0","N","E","N","N","0","0",1
"ADP597","0","0","0","0","0","0","0","0","0","0","N","E","E","E","N","N",1
"ADP633","0","0","0","0","0","0","0","0","0","0","N","E","E","N","0","0",1
"ADP652","0","0","0","0","0","0","0","0","0","0","N","E","E","E","N","B1",1
"ADP692","0","0","0","0","0","0","0","0","0","0","N","E","E","E","E","N",1
"ADP708","0","0","0","0","0","0","0","0","0","0","N","E","E","E","N","N",1
"ADP723","0","0","0","0","0","0","0","0","0","0","N","E","E","E","E","N",1
"ADP724","0","0","0","0","0","0","0","0","0","0","N","E","E","N","E","B1",1
"ADP766","0","0","0","0","0","0","0","0","0","0","N","0","0","0","0","0",1
"ADP767","0","0","0","0","0","0","0","0","0","0","N","0","0","0","0","0",1
"ADP768","0","0","0","0","0","0","0","0","0","0","0","N","E","E","E","N",1
"ADP769","0","0","0","0","0","0","0","0","0","0","0","N","0","0","0","0",1
"ADP770","0","0","0","0","0","0","0","0","0","0","0","N","E","E","N","N",1
"ADP771","0","0","0","0","0","0","0","0","0","0","0","N","E","E","N","N",1
"ADP772","0","0","0","0","0","0","0","0","0","0","0","N","E","E","E","N",1
"ADP773","0","0","0","0","0","0","0","0","0","0","0","N","0","0","0","0",1
"ADP774","0","0","0","0","0","0","0","0","0","0","0","N","E","E","E","N",1
"ADP775","0","0","0","0","0","0","0","0","0","0","0","N","E","E","N","0",1
"ADP776","0","0","0","0","0","0","0","0","0","0","0","N","0","0","0","0",1
"ADP777","0","0","0","0","0","0","0","0","0","0","0","N","E","E","N","N",1
"ADP778","0","0","0","0","0","0","0","0","0","0","0","N","0","0","0","0",1
"ADP779","0","0","0","0","0","0","0","0","0","0","0","N","0","0","0","0",1
"ADP780","0","0","0","0","0","0","0","0","0","0","0","N","E","E","N","N",1
"ADP781","0","0","0","0","0","0","0","0","0","0","0","N","0","0","0","0",1
"ADP782","0","0","0","0","0","0","0","0","0","0","0","N","E","E","N","N",1
"ADP783","0","0","0","0","0","0","0","0","0","0","0","N","0","0","0","0",1
"ADP784","0","0","0","0","0","0","0","0","0","0","0","N","E","E","E","N",1
"ADP785","0","0","0","0","0","0","0","0","0","0","0","N","E","E","N","B1",1
"ADP786","0","0","0","0","0","0","0","0","0","0","0","N","0","0","0","0",1
"ADP787","0","0","0","0","0","0","0","0","0","0","0","N","E","E","N","N",1
"ADP788","0","0","0","0","0","0","0","0","0","0","0","N","0","0","0","0",1
"ADP789","0","0","0","0","0","0","0","0","0","0","0","N","0","0","0","0",1
"ADP790","0","0","0","0","0","0","0","0","0","0","0","N","E","N","N","0",1
"ADP791","0","0","0","0","0","0","0","0","0","0","0","N","E","E","N","N",1
"ADP792","0","0","0","0","0","0","0","0","0","0","0","N","0","0","0","0",1
"ADP793","0","0","0","0","0","0","0","0","0","0","0","N","E","E","N","B1",1
"ADP794","0","0","0","0","0","0","0","0","0","0","0","N","0","0","0","0",1
"ADP795","0","0","0","0","0","0","0","0","0","0","0","N","E","N","0","0",1
"ADP796","0","0","0","0","0","0","0","0","0","0","0","N","0","0","0","0",1
"ADP797","0","0","0","0","0","0","0","0","0","0","0","N","E","E","N","N",1
"ADP798","0","0","0","0","0","0","0","0","0","0","0","N","0","0","0","0",1
"ADP799","0","0","0","0","0","0","0","0","0","0","0","N","E","E","N","B1",1
"ADP825","0","0","0","0","0","0","0","0","0","0","0","N","E","E","N","N",1
"ADP833","0","0","0","0","0","0","0","0","0","0","0","N","E","E","N","0",1
"ADP875","0","0","0","0","0","0","0","0","0","0","0","N","E","E","N","0",1
"ADP901","0","0","0","0","0","0","0","0","0","0","0","N","E","E","E","N",1
"ADP916","0","0","0","0","0","0","0","0","0","0","0","N","E","E","E","N",1
"ADP989","0","0","0","0","0","0","0","0","0","0","0","N","E","E","N","0",1
"ADR003","0","0","0","0","0","0","0","0","0","0","0","N","E","E","E","N",1
"ADR132","0","0","0","0","0","0","0","0","0","0","0","N","E","N","0","0",1
"ADR214","0","0","0","0","0","0","0","0","0","0","0","N","E","N","0","0",1
"ADR234","0","0","0","0","0","0","0","0","0","0","0","N","E","E","N","0",1
"ADR240","0","0","0","0","0","0","0","0","0","0","0","N","E","N","N","0",1
"ADR262","0","0","0","0","0","0","0","0","0","0","0","0","N","0","0","0",1
"ADR263","0","0","0","0","0","0","0","0","0","0","0","0","N","E","E","N",1
"ADR264","0","0","0","0","0","0","0","0","0","0","0","0","N","0","0","0",1
"ADR265","0","0","0","0","0","0","0","0","0","0","0","0","N","0","0","0",1
"ADR266","0","0","0","0","0","0","0","0","0","0","0","0","N","0","0","0",1
"ADR267","0","0","0","0","0","0","0","0","0","0","0","0","N","E","N","N",1
"ADR268","0","0","0","0","0","0","0","0","0","0","0","0","N","E","N","N",1
"ADR269","0","0","0","0","0","0","0","0","0","0","0","0","N","E","N","N",1
"ADR270","0","0","0","0","0","0","0","0","0","0","0","0","N","0","0","0",1
"ADR271","0","0","0","0","0","0","0","0","0","0","0","0","N","E","N","N",1
"ADR272","0","0","0","0","0","0","0","0","0","0","0","0","N","0","0","0",1
"ADR273","0","0","0","0","0","0","0","0","0","0","0","0","N","E","E","N",1
"ADR274","0","0","0","0","0","0","0","0","0","0","0","0","N","E","N","N",1
"ADR399","0","0","0","0","0","0","0","0","0","0","0","0","N","E","E","B1",1
"ADR400","0","0","0","0","0","0","0","0","0","0","0","0","N","E","N","N",1
"ADR401","0","0","0","0","0","0","0","0","0","0","0","0","N","E","N","N",1
"ADR402","0","0","0","0","0","0","0","0","0","0","0","0","N","0","0","0",1
"ADR403","0","0","0","0","0","0","0","0","0","0","0","0","N","E","E","N",1
"ADR404","0","0","0","0","0","0","0","0","0","0","0","0","N","0","0","0",1
"ADR405","0","0","0","0","0","0","0","0","0","0","0","0","N","0","0","0",1
"ADR406","0","0","0","0","0","0","0","0","0","0","0","0","N","E","E","N",1
"ADR407","0","0","0","0","0","0","0","0","0","0","0","0","N","0","0","0",1
"ADR408","0","0","0","0","0","0","0","0","0","0","0","0","N","E","N","0",1
"ADR409","0","0","0","0","0","0","0","0","0","0","0","0","N","E","E","N",1
"ADR410","0","0","0","0","0","0","0","0","0","0","0","0","N","0","0","0",1
"ADR411","0","0","0","0","0","0","0","0","0","0","0","0","N","0","0","0",1
"ADR412","0","0","0","0","0","0","0","0","0","0","0","0","N","0","0","0",1
"ADR413","0","0","0","0","0","0","0","0","0","0","0","0","N","0","0","0",1
"ADR414","0","0","0","0","0","0","0","0","0","0","0","0","N","0","0","0",1
"ADR415","0","0","0","0","0","0","0","0","0","0","0","0","N","E","N","N",1
"ADR416","0","0","0","0","0","0","0","0","0","0","0","0","N","E","N","N",1
"ADR417","0","0","0","0","0","0","0","0","0","0","0","0","N","0","0","0",1
"ADR418","0","0","0","0","0","0","0","0","0","0","0","0","N","0","0","0",1
"ADR419","0","0","0","0","0","0","0","0","0","0","0","0","N","0","0","0",1
"ADR420","0","0","0","0","0","0","0","0","0","0","0","0","N","E","E","N",1
"ADR421","0","0","0","0","0","0","0","0","0","0","0","0","N","E","N","B1",1
"ADR422","0","0","0","0","0","0","0","0","0","0","0","0","N","E","E","N",1
"ADR423","0","0","0","0","0","0","0","0","0","0","0","0","N","E","E","N",1
"ADR424","0","0","0","0","0","0","0","0","0","0","0","0","N","0","0","0",1
"ADR425","0","0","0","0","0","0","0","0","0","0","0","0","N","0","0","0",1
"ADR475","0","0","0","0","0","0","0","0","0","0","0","0","N","E","E","N",1
"ADR476","0","0","0","0","0","0","0","0","0","0","0","0","N","E","N","N",1
"ADR477","0","0","0","0","0","0","0","0","0","0","0","0","N","0","0","0",1
"ADR478","0","0","0","0","0","0","0","0","0","0","0","0","N","E","E","N",1
"ADR479","0","0","0","0","0","0","0","0","0","0","0","0","N","E","N","N",1
"ADR480","0","0","0","0","0","0","0","0","0","0","0","0","N","E","E","N",1
"ADR481","0","0","0","0","0","0","0","0","0","0","0","0","N","0","0","0",1
"ADR482","0","0","0","0","0","0","0","0","0","0","0","0","N","0","0","0",1
"ADR483","0","0","0","0","0","0","0","0","0","0","0","0","N","0","0","0",1
"ADR853","0","0","0","0","0","0","0","0","0","0","0","N","E","E","N","0",1
"ADR916","0","0","0","0","0","0","0","0","0","0","0","N","E","E","E","N",1
"ADR984","0","0","0","0","0","0","0","0","0","0","0","N","E","E","N","0",1
"ADS062","0","0","0","0","0","0","0","0","0","0","0","N","E","E","E","N",1
"ADS119","0","0","0","0","0","0","0","0","0","0","0","N","E","E","N","N",1
"ADS214","0","0","0","0","0","0","0","0","0","0","0","N","E","E","N","0",1
"ADS272","0","0","0","0","0","0","0","0","0","0","0","N","E","N","0","0",1
"ADS402","0","0","0","0","0","0","0","0","0","0","0","N","E","E","N","0",1
"ADX017","0","0","0","0","0","0","0","0","0","0","0","0","N","E","E","N",1
"ADX091","0","0","0","0","0","0","0","0","0","0","0","0","N","E","E","N",1
"ADX200","0","0","0","0","0","0","0","0","0","0","0","0","N","E","N","0",1
"ADX252","0","0","0","0","0","0","0","0","0","0","0","0","N","E","E","N",1
"ADX269","0","0","0","0","0","0","0","0","0","0","0","0","N","E","E","N",1
"ADX375","0","0","0","0","0","0","0","0","0","0","0","0","N","E","E","N",1
"ADX586","0","0","0","0","0","0","0","0","0","0","0","0","N","E","N","0",1
"ADX588","0","0","0","0","0","0","0","0","0","0","0","0","N","E","E","N",1
"ADX653","0","0","0","0","0","0","0","0","0","0","0","0","N","E","E","N",1
"ADX682","0","0","0","0","0","0","0","0","0","0","0","0","N","E","E","N",1
"ADX687","0","0","0","0","0","0","0","0","0","0","0","0","N","E","E","N",1
"ADZ021","0","0","0","0","0","0","0","0","0","0","0","0","N","E","E","N",1
"ADZ059","0","0","0","0","0","0","0","0","0","0","0","0","N","E","E","N",1
"ADZ081","0","0","0","0","0","0","0","0","0","0","0","0","0","N","0","0",1
"ADZ082","0","0","0","0","0","0","0","0","0","0","0","0","0","N","0","0",1
"ADZ083","0","0","0","0","0","0","0","0","0","0","0","0","0","N","E","N",1
"ADZ084","0","0","0","0","0","0","0","0","0","0","0","0","0","N","E","N",1
"ADZ085","0","0","0","0","0","0","0","0","0","0","0","0","0","N","0","0",1
"ADZ086","0","0","0","0","0","0","0","0","0","0","0","0","0","N","0","0",1
"ADZ087","0","0","0","0","0","0","0","0","0","0","0","0","0","N","0","0",1
"ADZ088","0","0","0","0","0","0","0","0","0","0","0","0","0","N","E","N",1
"ADZ089","0","0","0","0","0","0","0","0","0","0","0","0","0","N","0","0",1
"ADZ090","0","0","0","0","0","0","0","0","0","0","0","0","0","N","E","N",1
"ADZ091","0","0","0","0","0","0","0","0","0","0","0","0","0","N","0","0",1
"ADZ092","0","0","0","0","0","0","0","0","0","0","0","0","0","N","0","0",1
"ADZ093","0","0","0","0","0","0","0","0","0","0","0","0","0","N","E","N",1
"ADZ094","0","0","0","0","0","0","0","0","0","0","0","0","0","N","0","0",1
"ADZ095","0","0","0","0","0","0","0","0","0","0","0","0","0","N","0","0",1
"ADZ096","0","0","0","0","0","0","0","0","0","0","0","0","0","N","0","0",1
"ADZ097","0","0","0","0","0","0","0","0","0","0","0","0","0","N","0","0",1
"ADZ098","0","0","0","0","0","0","0","0","0","0","0","0","0","N","E","N",1
"ADZ099","0","0","0","0","0","0","0","0","0","0","0","0","0","N","0","0",1
"ADZ100","0","0","0","0","0","0","0","0","0","0","0","0","0","N","0","0",1
"ADZ101","0","0","0","0","0","0","0","0","0","0","0","0","0","N","0","0",1
"ADZ102","0","0","0","0","0","0","0","0","0","0","0","0","0","N","0","0",1
"ADZ103","0","0","0","0","0","0","0","0","0","0","0","0","0","N","0","0",1
"ADZ104","0","0","0","0","0","0","0","0","0","0","0","0","0","N","0","0",1
"ADZ105","0","0","0","0","0","0","0","0","0","0","0","0","0","N","0","0",1
"ADZ106","0","0","0","0","0","0","0","0","0","0","0","0","0","N","0","0",1
"ADZ107","0","0","0","0","0","0","0","0","0","0","0","0","0","N","0","0",1
"ADZ108","0","0","0","0","0","0","0","0","0","0","0","0","0","N","0","0",1
"ADZ109","0","0","0","0","0","0","0","0","0","0","0","0","0","N","0","0",1
"ADZ110","0","0","0","0","0","0","0","0","0","0","0","0","0","N","0","0",1
"ADZ111","0","0","0","0","0","0","0","0","0","0","0","0","0","N","0","0",1
"ADZ112","0","0","0","0","0","0","0","0","0","0","0","0","0","N","0","0",1
"ADZ113","0","0","0","0","0","0","0","0","0","0","0","0","0","N","0","0",1
"ADZ114","0","0","0","0","0","0","0","0","0","0","0","0","0","N","0","0",1
"ADZ115","0","0","0","0","0","0","0","0","0","0","0","0","0","N","0","0",1
"ADZ116","0","0","0","0","0","0","0","0","0","0","0","0","0","N","0","0",1
"ADZ117","0","0","0","0","0","0","0","0","0","0","0","0","0","N","0","0",1
"ADZ118","0","0","0","0","0","0","0","0","0","0","0","0","0","N","0","0",1
"ADZ119","0","0","0","0","0","0","0","0","0","0","0","0","0","N","0","0",1
"ADZ120","0","0","0","0","0","0","0","0","0","0","0","0","0","N","0","0",1
"ADZ121","0","0","0","0","0","0","0","0","0","0","0","0","0","N","0","0",1
"ADZ122","0","0","0","0","0","0","0","0","0","0","0","0","0","N","E","N",1
"ADZ123","0","0","0","0","0","0","0","0","0","0","0","0","0","N","0","0",1
"ADZ124","0","0","0","0","0","0","0","0","0","0","0","0","0","N","E","N",1
"ADZ125","0","0","0","0","0","0","0","0","0","0","0","0","0","N","0","0",1
"ADZ126","0","0","0","0","0","0","0","0","0","0","0","0","0","N","0","0",1
"ADZ127","0","0","0","0","0","0","0","0","0","0","0","0","0","N","0","0",1
"ADZ128","0","0","0","0","0","0","0","0","0","0","0","0","0","N","0","0",1
"ADZ129","0","0","0","0","0","0","0","0","0","0","0","0","0","N","0","0",1
"ADZ130","0","0","0","0","0","0","0","0","0","0","0","0","0","N","0","0",1
"ADZ131","0","0","0","0","0","0","0","0","0","0","0","0","0","N","0","0",1
"ADZ132","0","0","0","0","0","0","0","0","0","0","0","0","0","N","E","N",1
"ADZ133","0","0","0","0","0","0","0","0","0","0","0","0","0","N","0","0",1
"ADZ134","0","0","0","0","0","0","0","0","0","0","0","0","0","N","0","0",1
"ADZ135","0","0","0","0","0","0","0","0","0","0","0","0","0","N","0","0",1
"ADZ136","0","0","0","0","0","0","0","0","0","0","0","0","0","N","0","0",1
"ADZ137","0","0","0","0","0","0","0","0","0","0","0","0","0","N","E","N",1
"ADZ138","0","0","0","0","0","0","0","0","0","0","0","0","0","N","0","0",1
"ADZ139","0","0","0","0","0","0","0","0","0","0","0","0","0","N","0","0",1
"ADZ140","0","0","0","0","0","0","0","0","0","0","0","0","0","N","0","0",1
"ADZ141","0","0","0","0","0","0","0","0","0","0","0","0","0","N","0","0",1
"ADZ142","0","0","0","0","0","0","0","0","0","0","0","0","0","N","0","0",1
"ADZ143","0","0","0","0","0","0","0","0","0","0","0","0","0","N","0","0",1
"ADZ144","0","0","0","0","0","0","0","0","0","0","0","0","0","N","0","0",1
"ADZ145","0","0","0","0","0","0","0","0","0","0","0","0","0","N","0","0",1
"ADZ146","0","0","0","0","0","0","0","0","0","0","0","0","0","N","0","0",1
"ADZ147","0","0","0","0","0","0","0","0","0","0","0","0","0","N","0","0",1
"ADZ148","0","0","0","0","0","0","0","0","0","0","0","0","0","N","0","0",1
"ADZ149","0","0","0","0","0","0","0","0","0","0","0","0","0","0","N","0",1
"ADZ150","0","0","0","0","0","0","0","0","0","0","0","0","0","0","N","0",1
"ADZ151","0","0","0","0","0","0","0","0","0","0","0","0","0","0","N","0",1
"ADZ152","0","0","0","0","0","0","0","0","0","0","0","0","0","0","N","0",1
"ADZ153","0","0","0","0","0","0","0","0","0","0","0","0","0","0","N","0",1
"ADZ154","0","0","0","0","0","0","0","0","0","0","0","0","0","0","N","0",1
"ADZ155","0","0","0","0","0","0","0","0","0","0","0","0","0","0","N","0",1
"ADZ156","0","0","0","0","0","0","0","0","0","0","0","0","0","0","N","0",1
"ADZ157","0","0","0","0","0","0","0","0","0","0","0","0","0","0","N","0",1
"ADZ158","0","0","0","0","0","0","0","0","0","0","0","0","0","0","N","0",1
"ADZ159","0","0","0","0","0","0","0","0","0","0","0","0","0","0","N","0",1
"ADZ160","0","0","0","0","0","0","0","0","0","0","0","0","0","0","N","0",1
"ADZ161","0","0","0","0","0","0","0","0","0","0","0","0","0","0","N","0",1
"ADZ162","0","0","0","0","0","0","0","0","0","0","0","0","0","0","N","0",1
"ADZ163","0","0","0","0","0","0","0","0","0","0","0","0","0","0","N","0",1
"ADZ164","0","0","0","0","0","0","0","0","0","0","0","0","0","0","N","0",1
"ADZ165","0","0","0","0","0","0","0","0","0","0","0","0","0","0","N","0",1
"ADZ166","0","0","0","0","0","0","0","0","0","0","0","0","0","0","N","0",1
"ADZ167","0","0","0","0","0","0","0","0","0","0","0","0","0","0","N","0",1
"ADZ168","0","0","0","0","0","0","0","0","0","0","0","0","0","0","N","0",1
"ADZ169","0","0","0","0","0","0","0","0","0","0","0","0","0","0","N","0",1
"ADZ170","0","0","0","0","0","0","0","0","0","0","0","0","0","0","N","0",1
"ADZ171","0","0","0","0","0","0","0","0","0","0","0","0","0","0","N","0",1
"ADZ172","0","0","0","0","0","0","0","0","0","0","0","0","0","0","N","0",1
"ADZ173","0","0","0","0","0","0","0","0","0","0","0","0","0","0","N","0",1
"ADZ174","0","0","0","0","0","0","0","0","0","0","0","0","0","0","N","0",1
"ADZ175","0","0","0","0","0","0","0","0","0","0","0","0","0","0","N","0",1
"ADZ176","0","0","0","0","0","0","0","0","0","0","0","0","0","0","N","0",1
"ADZ177","0","0","0","0","0","0","0","0","0","0","0","0","0","0","N","0",1
"ADZ178","0","0","0","0","0","0","0","0","0","0","0","0","0","0","N","0",1
"ADZ179","0","0","0","0","0","0","0","0","0","0","0","0","0","0","N","0",1
"ADZ180","0","0","0","0","0","0","0","0","0","0","0","0","0","0","N","0",1
"ADZ181","0","0","0","0","0","0","0","0","0","0","0","0","0","0","N","0",1
"ADZ182","0","0","0","0","0","0","0","0","0","0","0","0","0","0","N","0",1
"ADZ183","0","0","0","0","0","0","0","0","0","0","0","0","0","0","N","0",1
"ADZ184","0","0","0","0","0","0","0","0","0","0","0","0","0","0","N","0",1
"ADZ185","0","0","0","0","0","0","0","0","0","0","0","0","0","0","N","0",1
"ADZ186","0","0","0","0","0","0","0","0","0","0","0","0","0","0","N","0",1
"ADZ187","0","0","0","0","0","0","0","0","0","0","0","0","0","0","N","0",1
"ADZ188","0","0","0","0","0","0","0","0","0","0","0","0","0","0","N","0",1
"ADZ189","0","0","0","0","0","0","0","0","0","0","0","0","0","0","N","0",1
"ADZ190","0","0","0","0","0","0","0","0","0","0","0","0","0","0","N","0",1
"ADZ191","0","0","0","0","0","0","0","0","0","0","0","0","0","0","N","0",1
"ADZ192","0","0","0","0","0","0","0","0","0","0","0","0","0","0","N","0",1
"ADZ193","0","0","0","0","0","0","0","0","0","0","0","0","0","0","N","0",1
"ADZ194","0","0","0","0","0","0","0","0","0","0","0","0","0","0","N","0",1
"ADZ195","0","0","0","0","0","0","0","0","0","0","0","0","0","0","N","0",1
"ADZ196","0","0","0","0","0","0","0","0","0","0","0","0","0","0","N","0",1
"ADZ197","0","0","0","0","0","0","0","0","0","0","0","0","0","0","N","0",1
"AEB000","0","0","0","0","0","0","0","0","0","0","0","0","0","0","N","0",1
"AEB001","0","0","0","0","0","0","0","0","0","0","0","0","0","0","N","0",1
"AEB002","0","0","0","0","0","0","0","0","0","0","0","0","0","0","N","0",1
"AEB003","0","0","0","0","0","0","0","0","0","0","0","0","0","0","N","0",1
"AEB004","0","0","0","0","0","0","0","0","0","0","0","0","0","0","N","0",1
"AEB005","0","0","0","0","0","0","0","0","0","0","0","0","0","0","N","0",1
"AEB006","0","0","0","0","0","0","0","0","0","0","0","0","0","0","N","0",1
"AEB007","0","0","0","0","0","0","0","0","0","0","0","0","0","0","N","0",1
"AEB009","0","0","0","0","0","0","0","0","0","0","0","0","0","0","N","0",1
"AEB010","0","0","0","0","0","0","0","0","0","0","0","0","0","0","N","0",1
"AEB011","0","0","0","0","0","0","0","0","0","0","0","0","0","0","N","0",1
"AEB012","0","0","0","0","0","0","0","0","0","0","0","0","0","0","N","0",1
"AEB013","0","0","0","0","0","0","0","0","0","0","0","0","0","0","N","0",1
"AEB014","0","0","0","0","0","0","0","0","0","0","0","0","0","0","N","0",1
"AEB017","0","0","0","0","0","0","0","0","0","0","0","0","0","0","N","0",1
"AEB023","0","0","0","0","0","0","0","0","0","0","0","0","0","0","N","0",1
"AEB024","0","0","0","0","0","0","0","0","0","0","0","0","0","0","N","0",1
"AEB025","0","0","0","0","0","0","0","0","0","0","0","0","0","0","N","0",1
"AEB026","0","0","0","0","0","0","0","0","0","0","0","0","0","0","N","0",1
"AEB028","0","0","0","0","0","0","0","0","0","0","0","0","0","0","N","0",1
